state_id,cluster_id,state,embedding
0,7,"('ChartLogic', 'ChartLogic', 'ChartLogic')",-0.8129374384880066;0.27518975734710693
1,11,"('ChartLogic', 'ChartLogic', 'DataBind')",-0.7820144891738892;0.06590547412633896
2,19,"('ChartLogic', 'ChartLogic', 'DataParse')",-0.7658250331878662;-0.2442997694015503
3,14,"('ChartLogic', 'ChartLogic', 'ErrorHandle')",-0.8491813540458679;0.26339465379714966
4,7,"('ChartLogic', 'ChartLogic', 'HelpSeek')",-0.7701373100280762;0.19810877740383148
5,4,"('ChartLogic', 'ChartLogic', 'ParamAdjust')",-0.6470378637313843;0.33030691742897034
6,3,"('ChartLogic', 'ChartLogic', 'SampleExplore')",-0.6922886371612549;-0.26607826352119446
7,12,"('ChartLogic', 'ChartLogic', 'SessionInit')",-0.7158494591712952;0.012013042345643044
8,18,"('ChartLogic', 'ChartLogic', 'StyleEdit')",-0.7954190373420715;0.22293192148208618
9,9,"('ChartLogic', 'DataBind', 'DataBind')",-0.7414982318878174;-0.4518651068210602
10,19,"('ChartLogic', 'DataBind', 'DataParse')",-0.7776955366134644;-0.2170109748840332
11,2,"('ChartLogic', 'DataBind', 'ErrorHandle')",-0.7185732126235962;-0.48945942521095276
12,14,"('ChartLogic', 'DataBind', 'HelpSeek')",-0.71303391456604;0.0499957837164402
13,11,"('ChartLogic', 'DataBind', 'ParamAdjust')",-0.6070674061775208;0.06365792453289032
14,8,"('ChartLogic', 'DataBind', 'StyleEdit')",-0.8097792267799377;0.01907833106815815
15,7,"('ChartLogic', 'DataParse', 'ChartLogic')",-0.7973947525024414;0.1014818474650383
16,19,"('ChartLogic', 'DataParse', 'DataParse')",-0.720362663269043;-0.40099847316741943
17,14,"('ChartLogic', 'DataParse', 'ErrorHandle')",-0.7149611711502075;-0.10101403295993805
18,6,"('ChartLogic', 'DataParse', 'HelpSeek')",-0.7607049942016602;0.40683820843696594
19,12,"('ChartLogic', 'DataParse', 'SessionInit')",-0.5718613266944885;-0.08599691838026047
20,18,"('ChartLogic', 'DataParse', 'StyleEdit')",-0.771776020526886;0.13610713183879852
21,7,"('ChartLogic', 'ErrorHandle', 'ChartLogic')",-0.5464155077934265;0.16629548370838165
22,2,"('ChartLogic', 'ErrorHandle', 'DataParse')",-0.6414414644241333;-0.46244391798973083
23,8,"('ChartLogic', 'ErrorHandle', 'ErrorHandle')",-0.822102963924408;0.21335726976394653
24,14,"('ChartLogic', 'ErrorHandle', 'HelpSeek')",-0.8421460390090942;0.09714798629283905
25,4,"('ChartLogic', 'ErrorHandle', 'ParamAdjust')",-0.6281778812408447;0.35998815298080444
26,18,"('ChartLogic', 'ErrorHandle', 'SessionInit')",-0.8097792267799377;0.01907833106815815
27,18,"('ChartLogic', 'ErrorHandle', 'StyleEdit')",-0.7905213832855225;0.27493876218795776
28,7,"('ChartLogic', 'HelpSeek', 'ChartLogic')",-0.8107722997665405;0.27960795164108276
29,11,"('ChartLogic', 'HelpSeek', 'DataBind')",-0.7867460250854492;0.07899697870016098
30,8,"('ChartLogic', 'HelpSeek', 'DataParse')",-0.8762400150299072;-0.05902712792158127
31,14,"('ChartLogic', 'HelpSeek', 'ErrorHandle')",-0.8927134871482849;-0.11655528098344803
32,6,"('ChartLogic', 'HelpSeek', 'HelpSeek')",-0.8357507586479187;0.28497782349586487
33,4,"('ChartLogic', 'HelpSeek', 'ParamAdjust')",-0.7014447450637817;0.37091147899627686
34,3,"('ChartLogic', 'HelpSeek', 'SampleExplore')",-0.7900241613388062;-0.04412518069148064
35,13,"('ChartLogic', 'HelpSeek', 'SessionInit')",-0.7619657516479492;0.07171854376792908
36,18,"('ChartLogic', 'HelpSeek', 'StyleEdit')",-0.8147244453430176;0.2618381679058075
37,17,"('ChartLogic', 'ParamAdjust', 'ChartLogic')",-0.5712540149688721;0.0737907737493515
38,9,"('ChartLogic', 'ParamAdjust', 'DataParse')",-0.6414414644241333;-0.46244391798973083
39,7,"('ChartLogic', 'ParamAdjust', 'HelpSeek')",-0.6960344910621643;0.31441667675971985
40,4,"('ChartLogic', 'ParamAdjust', 'ParamAdjust')",-0.655002236366272;0.36562949419021606
41,18,"('ChartLogic', 'ParamAdjust', 'StyleEdit')",-0.7905213832855225;0.27493876218795776
42,11,"('ChartLogic', 'SampleExplore', 'DataBind')",-0.6070674061775208;0.06365792453289032
43,10,"('ChartLogic', 'SampleExplore', 'ErrorHandle')",-0.7955591678619385;0.24649633467197418
44,3,"('ChartLogic', 'SampleExplore', 'HelpSeek')",-0.8287221193313599;0.04033607244491577
45,6,"('ChartLogic', 'SampleExplore', 'SessionInit')",-0.8097792267799377;0.01907833106815815
46,19,"('ChartLogic', 'SessionInit', 'DataParse')",-0.6414414644241333;-0.46244391798973083
47,6,"('ChartLogic', 'SessionInit', 'HelpSeek')",-0.6996161341667175;0.3517945110797882
48,5,"('ChartLogic', 'SessionInit', 'SessionInit')",-0.7679792642593384;-0.16217419505119324
49,18,"('ChartLogic', 'SessionInit', 'StyleEdit')",-0.7518376111984253;0.21350669860839844
50,9,"('ChartLogic', 'StyleEdit', 'ChartLogic')",-0.6414414644241333;-0.46244391798973083
51,11,"('ChartLogic', 'StyleEdit', 'DataBind')",-0.7283269762992859;0.08400583267211914
52,19,"('ChartLogic', 'StyleEdit', 'DataParse')",-0.6414414644241333;-0.46244391798973083
53,10,"('ChartLogic', 'StyleEdit', 'ErrorHandle')",-0.6996161341667175;0.3517945110797882
54,18,"('ChartLogic', 'StyleEdit', 'HelpSeek')",-0.679017961025238;0.13285209238529205
55,4,"('ChartLogic', 'StyleEdit', 'ParamAdjust')",-0.6281778812408447;0.35998815298080444
56,5,"('ChartLogic', 'StyleEdit', 'SessionInit')",-0.5718613266944885;-0.08599691838026047
57,14,"('ChartLogic', 'StyleEdit', 'StyleEdit')",-0.8463730812072754;0.21162208914756775
58,1,"('DataBind', 'ChartLogic', 'DataBind')",-0.6295194625854492;-0.3428827226161957
59,7,"('DataBind', 'ChartLogic', 'HelpSeek')",-0.7899043560028076;0.26425901055336
60,9,"('DataBind', 'DataBind', 'DataBind')",-0.756497859954834;-0.48352041840553284
61,6,"('DataBind', 'DataBind', 'DataParse')",-0.8563635945320129;0.2602611184120178
62,1,"('DataBind', 'DataBind', 'ErrorHandle')",-0.6839880347251892;-0.3438396155834198
63,11,"('DataBind', 'DataBind', 'HelpSeek')",-0.6070674061775208;0.06365792453289032
64,18,"('DataBind', 'DataBind', 'SessionInit')",-0.8097792267799377;0.01907833106815815
65,7,"('DataBind', 'DataParse', 'ChartLogic')",-0.7614520192146301;0.3182244598865509
66,15,"('DataBind', 'DataParse', 'DataBind')",-0.7418342232704163;-0.40468457341194153
67,19,"('DataBind', 'DataParse', 'DataParse')",-0.8037531971931458;-0.32054921984672546
68,1,"('DataBind', 'DataParse', 'ErrorHandle')",-0.7872328758239746;-0.432808518409729
69,6,"('DataBind', 'DataParse', 'HelpSeek')",-0.8589743971824646;0.19046519696712494
70,4,"('DataBind', 'DataParse', 'ParamAdjust')",-0.6467068195343018;0.3600480258464813
71,3,"('DataBind', 'DataParse', 'SampleExplore')",-0.8263495564460754;0.13952383399009705
72,12,"('DataBind', 'DataParse', 'SessionInit')",-0.7967007160186768;-0.16503435373306274
73,18,"('DataBind', 'DataParse', 'StyleEdit')",-0.787333607673645;0.223557248711586
74,7,"('DataBind', 'ErrorHandle', 'ChartLogic')",-0.6996161341667175;0.3517945110797882
75,9,"('DataBind', 'ErrorHandle', 'DataBind')",-0.744520902633667;-0.39187511801719666
76,2,"('DataBind', 'ErrorHandle', 'DataParse')",-0.7959126234054565;-0.40549853444099426
77,8,"('DataBind', 'ErrorHandle', 'ErrorHandle')",-0.8988131284713745;-0.04134798049926758
78,14,"('DataBind', 'ErrorHandle', 'HelpSeek')",-0.8993740677833557;-0.1212141215801239
79,10,"('DataBind', 'ErrorHandle', 'SampleExplore')",-0.7881604433059692;0.1625189185142517
80,12,"('DataBind', 'ErrorHandle', 'SessionInit')",-0.8012077212333679;0.13448402285575867
81,18,"('DataBind', 'ErrorHandle', 'StyleEdit')",-0.6718732714653015;0.14238907396793365
82,7,"('DataBind', 'HelpSeek', 'ChartLogic')",-0.6996161341667175;0.3517945110797882
83,9,"('DataBind', 'HelpSeek', 'DataBind')",-0.7658191919326782;-0.4093448519706726
84,2,"('DataBind', 'HelpSeek', 'DataParse')",-0.6877528429031372;-0.480349600315094
85,1,"('DataBind', 'HelpSeek', 'ErrorHandle')",-0.7241155505180359;-0.277377724647522
86,6,"('DataBind', 'HelpSeek', 'HelpSeek')",-0.8033771514892578;0.2904394268989563
87,4,"('DataBind', 'HelpSeek', 'ParamAdjust')",-0.6281778812408447;0.35998815298080444
88,3,"('DataBind', 'HelpSeek', 'SampleExplore')",-0.8199530839920044;-0.06461732089519501
89,16,"('DataBind', 'HelpSeek', 'SessionInit')",-0.7316275835037231;-0.2544569671154022
90,18,"('DataBind', 'HelpSeek', 'StyleEdit')",-0.7987093925476074;0.26411324739456177
91,9,"('DataBind', 'ParamAdjust', 'DataBind')",-0.6414414644241333;-0.46244391798973083
92,4,"('DataBind', 'ParamAdjust', 'ParamAdjust')",-0.7607049942016602;0.40683820843696594
93,9,"('DataBind', 'SampleExplore', 'DataBind')",-0.6295194625854492;-0.3428827226161957
94,10,"('DataBind', 'SampleExplore', 'ErrorHandle')",-0.791268527507782;-0.0377386100590229
95,3,"('DataBind', 'SampleExplore', 'HelpSeek')",-0.7831500768661499;-0.0031883604824543
96,13,"('DataBind', 'SessionInit', 'DataParse')",-0.6414414644241333;-0.46244391798973083
97,0,"('DataBind', 'SessionInit', 'SessionInit')",-0.5718613266944885;-0.08599691838026047
98,15,"('DataBind', 'StyleEdit', 'DataParse')",-0.6414414644241333;-0.46244391798973083
99,1,"('DataBind', 'StyleEdit', 'ErrorHandle')",-0.6295194625854492;-0.3428827226161957
100,18,"('DataBind', 'StyleEdit', 'HelpSeek')",-0.6999083757400513;0.10705152153968811
101,4,"('DataBind', 'StyleEdit', 'ParamAdjust')",-0.6281778812408447;0.35998815298080444
102,0,"('DataBind', 'StyleEdit', 'SessionInit')",-0.5718613266944885;-0.08599691838026047
103,14,"('DataBind', 'StyleEdit', 'StyleEdit')",-0.8533901572227478;0.23195835947990417
104,13,"('DataParse',)",-0.7677282691001892;-0.4662647545337677
105,6,"('DataParse', 'ChartLogic', 'ChartLogic')",-0.8363130688667297;0.3057345747947693
106,13,"('DataParse', 'ChartLogic', 'DataParse')",-0.7969568371772766;-0.2784152925014496
107,1,"('DataParse', 'ChartLogic', 'ErrorHandle')",-0.6295194625854492;-0.3428827226161957
108,7,"('DataParse', 'ChartLogic', 'HelpSeek')",-0.688441812992096;0.14805565774440765
109,4,"('DataParse', 'ChartLogic', 'ParamAdjust')",-0.6281778812408447;0.35998815298080444
110,3,"('DataParse', 'ChartLogic', 'SampleExplore')",-0.6996161341667175;0.3517945110797882
111,5,"('DataParse', 'ChartLogic', 'SessionInit')",-0.6938531994819641;-0.03971115127205849
112,18,"('DataParse', 'ChartLogic', 'StyleEdit')",-0.8431344032287598;0.10666865855455399
113,9,"('DataParse', 'DataBind', 'DataBind')",-0.6414414644241333;-0.46244391798973083
114,2,"('DataParse', 'DataBind', 'DataParse')",-0.6577967405319214;-0.4544178247451782
115,1,"('DataParse', 'DataBind', 'ErrorHandle')",-0.6475972533226013;-0.3584482669830322
116,15,"('DataParse', 'DataBind', 'HelpSeek')",-0.8235406279563904;-0.31281808018684387
117,4,"('DataParse', 'DataBind', 'ParamAdjust')",-0.6281778812408447;0.35998815298080444
118,3,"('DataParse', 'DataBind', 'SampleExplore')",-0.6295194625854492;-0.3428827226161957
119,18,"('DataParse', 'DataBind', 'StyleEdit')",-0.7809739708900452;0.02560730278491974
120,2,"('DataParse', 'DataParse')",-0.6414414644241333;-0.46244391798973083
121,7,"('DataParse', 'DataParse', 'ChartLogic')",-0.83591228723526;0.18566925823688507
122,9,"('DataParse', 'DataParse', 'DataBind')",-0.6886000037193298;-0.4608094394207001
123,2,"('DataParse', 'DataParse', 'DataParse')",-0.7171655893325806;-0.4547499120235443
124,2,"('DataParse', 'DataParse', 'ErrorHandle')",-0.7047576308250427;-0.4564546048641205
125,15,"('DataParse', 'DataParse', 'HelpSeek')",-0.8728533983230591;-0.11391179263591766
126,4,"('DataParse', 'DataParse', 'ParamAdjust')",-0.7116406559944153;0.3350943922996521
127,3,"('DataParse', 'DataParse', 'SampleExplore')",-0.8083335757255554;-0.1153874397277832
128,0,"('DataParse', 'DataParse', 'SessionInit')",-0.6171560287475586;-0.11538199335336685
129,16,"('DataParse', 'DataParse', 'StyleEdit')",-0.800796389579773;0.019587378948926926
130,1,"('DataParse', 'ErrorHandle')",-0.6295194625854492;-0.3428827226161957
131,7,"('DataParse', 'ErrorHandle', 'ChartLogic')",-0.7675939798355103;0.33423519134521484
132,9,"('DataParse', 'ErrorHandle', 'DataBind')",-0.7219420075416565;-0.4902036190032959
133,2,"('DataParse', 'ErrorHandle', 'DataParse')",-0.6843274831771851;-0.4672504961490631
134,8,"('DataParse', 'ErrorHandle', 'ErrorHandle')",-0.8715832829475403;-0.15943630039691925
135,14,"('DataParse', 'ErrorHandle', 'HelpSeek')",-0.8905421495437622;-0.02450931817293167
136,4,"('DataParse', 'ErrorHandle', 'ParamAdjust')",-0.6632577776908875;0.3584930896759033
137,3,"('DataParse', 'ErrorHandle', 'SampleExplore')",-0.8113976120948792;-0.014924632385373116
138,12,"('DataParse', 'ErrorHandle', 'SessionInit')",-0.6938531994819641;-0.03971115127205849
139,18,"('DataParse', 'ErrorHandle', 'StyleEdit')",-0.7588855028152466;0.04221142455935478
140,7,"('DataParse', 'HelpSeek', 'ChartLogic')",-0.7514779567718506;0.20806241035461426
141,9,"('DataParse', 'HelpSeek', 'DataBind')",-0.6985990405082703;-0.4610331952571869
142,13,"('DataParse', 'HelpSeek', 'DataParse')",-0.8253808617591858;-0.3058348000049591
143,1,"('DataParse', 'HelpSeek', 'ErrorHandle')",-0.8069497346878052;-0.3765375018119812
144,6,"('DataParse', 'HelpSeek', 'HelpSeek')",-0.8558675050735474;0.19376586377620697
145,4,"('DataParse', 'HelpSeek', 'ParamAdjust')",-0.7241259813308716;0.37858083844184875
146,3,"('DataParse', 'HelpSeek', 'SampleExplore')",-0.8159466981887817;-0.1475796103477478
147,0,"('DataParse', 'HelpSeek', 'SessionInit')",-0.6415350437164307;-0.08488384634256363
148,16,"('DataParse', 'HelpSeek', 'StyleEdit')",-0.8303413987159729;0.16910605132579803
149,7,"('DataParse', 'ParamAdjust', 'ChartLogic')",-0.6996161341667175;0.3517945110797882
150,13,"('DataParse', 'ParamAdjust', 'DataParse')",-0.6414414644241333;-0.46244391798973083
151,4,"('DataParse', 'ParamAdjust', 'HelpSeek')",-0.6969737410545349;0.3346734046936035
152,4,"('DataParse', 'ParamAdjust', 'ParamAdjust')",-0.6513665914535522;0.36701905727386475
153,18,"('DataParse', 'ParamAdjust', 'StyleEdit')",-0.5712540149688721;0.0737907737493515
154,2,"('DataParse', 'SampleExplore', 'DataBind')",-0.6414414644241333;-0.46244391798973083
155,8,"('DataParse', 'SampleExplore', 'DataParse')",-0.8220514059066772;0.24910515546798706
156,10,"('DataParse', 'SampleExplore', 'ErrorHandle')",-0.8204923272132874;0.09912744164466858
157,14,"('DataParse', 'SampleExplore', 'HelpSeek')",-0.8738858103752136;0.07193273305892944
158,4,"('DataParse', 'SampleExplore', 'ParamAdjust')",-0.6281778812408447;0.35998815298080444
159,3,"('DataParse', 'SampleExplore', 'SampleExplore')",-0.7460210919380188;-0.17467378079891205
160,16,"('DataParse', 'SampleExplore', 'StyleEdit')",-0.5712540149688721;0.0737907737493515
161,12,"('DataParse', 'SessionInit')",-0.5718613266944885;-0.08599691838026047
162,15,"('DataParse', 'SessionInit', 'DataBind')",-0.6414414644241333;-0.46244391798973083
163,12,"('DataParse', 'SessionInit', 'DataParse')",-0.7338196635246277;-0.30508145689964294
164,13,"('DataParse', 'SessionInit', 'ErrorHandle')",-0.7426521182060242;-0.4579331576824188
165,6,"('DataParse', 'SessionInit', 'HelpSeek')",-0.8368172645568848;0.24234969913959503
166,3,"('DataParse', 'SessionInit', 'SampleExplore')",-0.6295194625854492;-0.3428827226161957
167,0,"('DataParse', 'SessionInit', 'SessionInit')",-0.6533568501472473;-0.09038128703832626
168,17,"('DataParse', 'SessionInit', 'StyleEdit')",-0.7164881825447083;-0.005834375973790884
169,18,"('DataParse', 'StyleEdit', 'ChartLogic')",-0.5712540149688721;0.0737907737493515
170,9,"('DataParse', 'StyleEdit', 'DataBind')",-0.7039997577667236;-0.4533919394016266
171,15,"('DataParse', 'StyleEdit', 'DataParse')",-0.7474983334541321;-0.3845227062702179
172,1,"('DataParse', 'StyleEdit', 'ErrorHandle')",-0.822965681552887;-0.3218054175376892
173,18,"('DataParse', 'StyleEdit', 'HelpSeek')",-0.7390134334564209;0.10035324841737747
174,4,"('DataParse', 'StyleEdit', 'ParamAdjust')",-0.6281778812408447;0.35998815298080444
175,3,"('DataParse', 'StyleEdit', 'SampleExplore')",-0.7995181679725647;0.03213343396782875
176,5,"('DataParse', 'StyleEdit', 'SessionInit')",-0.7588881850242615;0.0017232568934559822
177,16,"('DataParse', 'StyleEdit', 'StyleEdit')",-0.8140510320663452;0.08887475728988647
178,5,"('ErrorHandle',)",-0.5712540149688721;0.0737907737493515
179,7,"('ErrorHandle', 'ChartLogic', 'ChartLogic')",-0.8146286010742188;0.11491255462169647
180,1,"('ErrorHandle', 'ChartLogic', 'DataParse')",-0.6295194625854492;-0.3428827226161957
181,7,"('ErrorHandle', 'ChartLogic', 'HelpSeek')",-0.7195687890052795;0.11360771954059601
182,3,"('ErrorHandle', 'ChartLogic', 'SampleExplore')",-0.7995181679725647;0.03213343396782875
183,17,"('ErrorHandle', 'ChartLogic', 'StyleEdit')",-0.6713390350341797;0.1454351246356964
184,9,"('ErrorHandle', 'DataBind', 'DataBind')",-0.7459914088249207;-0.39887720346450806
185,9,"('ErrorHandle', 'DataBind', 'DataParse')",-0.6859493851661682;-0.4616032838821411
186,2,"('ErrorHandle', 'DataBind', 'ErrorHandle')",-0.8256542682647705;-0.37139269709587097
187,11,"('ErrorHandle', 'DataBind', 'HelpSeek')",-0.7286385893821716;0.06826987117528915
188,3,"('ErrorHandle', 'DataBind', 'SampleExplore')",-0.6295194625854492;-0.3428827226161957
189,13,"('ErrorHandle', 'DataBind', 'SessionInit')",-0.6414414644241333;-0.46244391798973083
190,17,"('ErrorHandle', 'DataBind', 'StyleEdit')",-0.7134140133857727;-0.007849183864891529
191,7,"('ErrorHandle', 'DataParse', 'ChartLogic')",-0.7672482132911682;0.33877670764923096
192,9,"('ErrorHandle', 'DataParse', 'DataBind')",-0.6414414644241333;-0.46244391798973083
193,2,"('ErrorHandle', 'DataParse', 'DataParse')",-0.6941379308700562;-0.46600526571273804
194,19,"('ErrorHandle', 'DataParse', 'ErrorHandle')",-0.84160977602005;-0.19912715256214142
195,6,"('ErrorHandle', 'DataParse', 'HelpSeek')",-0.8521800637245178;0.1449795514345169
196,4,"('ErrorHandle', 'DataParse', 'ParamAdjust')",-0.6595337390899658;0.3564523160457611
197,3,"('ErrorHandle', 'DataParse', 'SampleExplore')",-0.8240000605583191;-0.07313405722379684
198,13,"('ErrorHandle', 'DataParse', 'SessionInit')",-0.6981165409088135;-0.16117963194847107
199,17,"('ErrorHandle', 'DataParse', 'StyleEdit')",-0.7955939173698425;0.1453174650669098
200,7,"('ErrorHandle', 'ErrorHandle', 'ChartLogic')",-0.7816757559776306;0.27067238092422485
201,9,"('ErrorHandle', 'ErrorHandle', 'DataBind')",-0.8274017572402954;-0.2571239471435547
202,19,"('ErrorHandle', 'ErrorHandle', 'DataParse')",-0.8046407699584961;-0.29070284962654114
203,1,"('ErrorHandle', 'ErrorHandle', 'ErrorHandle')",-0.7003394961357117;-0.3323386311531067
204,14,"('ErrorHandle', 'ErrorHandle', 'HelpSeek')",-0.8983771800994873;0.02955593541264534
205,4,"('ErrorHandle', 'ErrorHandle', 'ParamAdjust')",-0.6517855525016785;0.37014240026474
206,10,"('ErrorHandle', 'ErrorHandle', 'SampleExplore')",-0.8179059624671936;-0.03934650123119354
207,12,"('ErrorHandle', 'ErrorHandle', 'SessionInit')",-0.7487850785255432;-0.06931573897600174
208,18,"('ErrorHandle', 'ErrorHandle', 'StyleEdit')",-0.7907311916351318;0.15324997901916504
209,7,"('ErrorHandle', 'HelpSeek', 'ChartLogic')",-0.7887976169586182;0.331216037273407
210,9,"('ErrorHandle', 'HelpSeek', 'DataBind')",-0.830333948135376;-0.3144291341304779
211,13,"('ErrorHandle', 'HelpSeek', 'DataParse')",-0.7912303805351257;-0.294552206993103
212,8,"('ErrorHandle', 'HelpSeek', 'ErrorHandle')",-0.8978379368782043;0.03609440475702286
213,14,"('ErrorHandle', 'HelpSeek', 'HelpSeek')",-0.8796729445457458;0.11144866794347763
214,4,"('ErrorHandle', 'HelpSeek', 'ParamAdjust')",-0.6857344508171082;0.37962815165519714
215,3,"('ErrorHandle', 'HelpSeek', 'SampleExplore')",-0.8202459812164307;-0.002170652151107788
216,0,"('ErrorHandle', 'HelpSeek', 'SessionInit')",-0.7288858294487;-0.05329577997326851
217,18,"('ErrorHandle', 'HelpSeek', 'StyleEdit')",-0.8104546666145325;0.1818491667509079
218,7,"('ErrorHandle', 'ParamAdjust', 'ChartLogic')",-0.6996161341667175;0.3517945110797882
219,18,"('ErrorHandle', 'ParamAdjust', 'HelpSeek')",-0.5712540149688721;0.0737907737493515
220,4,"('ErrorHandle', 'ParamAdjust', 'ParamAdjust')",-0.6659038662910461;0.3445894718170166
221,7,"('ErrorHandle', 'SampleExplore', 'ChartLogic')",-0.6878560185432434;0.2654033303260803
222,9,"('ErrorHandle', 'SampleExplore', 'DataBind')",-0.7517088651657104;-0.46718522906303406
223,2,"('ErrorHandle', 'SampleExplore', 'DataParse')",-0.6877528429031372;-0.480349600315094
224,10,"('ErrorHandle', 'SampleExplore', 'ErrorHandle')",-0.8038383722305298;0.24897219240665436
225,14,"('ErrorHandle', 'SampleExplore', 'HelpSeek')",-0.8905947804450989;-0.04973157122731209
226,7,"('ErrorHandle', 'SampleExplore', 'ParamAdjust')",-0.5464155077934265;0.16629548370838165
227,0,"('ErrorHandle', 'SampleExplore', 'SessionInit')",-0.5718613266944885;-0.08599691838026047
228,8,"('ErrorHandle', 'SampleExplore', 'StyleEdit')",-0.816122829914093;0.010075636208057404
229,7,"('ErrorHandle', 'SessionInit', 'ChartLogic')",-0.6996161341667175;0.3517945110797882
230,18,"('ErrorHandle', 'SessionInit', 'DataParse')",-0.7905213832855225;0.27493876218795776
231,8,"('ErrorHandle', 'SessionInit', 'ErrorHandle')",-0.7776955366134644;-0.2170109748840332
232,6,"('ErrorHandle', 'SessionInit', 'HelpSeek')",-0.6996161341667175;0.3517945110797882
233,4,"('ErrorHandle', 'SessionInit', 'ParamAdjust')",-0.6281778812408447;0.35998815298080444
234,5,"('ErrorHandle', 'SessionInit', 'SessionInit')",-0.7315983176231384;-0.040347080677747726
235,17,"('ErrorHandle', 'SessionInit', 'StyleEdit')",-0.6267712116241455;0.019142748787999153
236,18,"('ErrorHandle', 'StyleEdit')",-0.5712540149688721;0.0737907737493515
237,11,"('ErrorHandle', 'StyleEdit', 'DataBind')",-0.6070674061775208;0.06365792453289032
238,13,"('ErrorHandle', 'StyleEdit', 'DataParse')",-0.763242781162262;-0.3308422863483429
239,15,"('ErrorHandle', 'StyleEdit', 'ErrorHandle')",-0.8631600141525269;-0.23682481050491333
240,18,"('ErrorHandle', 'StyleEdit', 'HelpSeek')",-0.665144145488739;0.10594795644283295
241,4,"('ErrorHandle', 'StyleEdit', 'ParamAdjust')",-0.6281778812408447;0.35998815298080444
242,3,"('ErrorHandle', 'StyleEdit', 'SampleExplore')",-0.6295194625854492;-0.3428827226161957
243,0,"('ErrorHandle', 'StyleEdit', 'SessionInit')",-0.6963910460472107;-0.04826939105987549
244,16,"('ErrorHandle', 'StyleEdit', 'StyleEdit')",-0.8522778153419495;0.11643349379301071
245,6,"('HelpSeek', 'ChartLogic', 'ChartLogic')",-0.8051735162734985;0.329804390668869
246,11,"('HelpSeek', 'ChartLogic', 'DataBind')",-0.7931922078132629;0.0794733464717865
247,15,"('HelpSeek', 'ChartLogic', 'DataParse')",-0.8058863878250122;-0.32022759318351746
248,10,"('HelpSeek', 'ChartLogic', 'ErrorHandle')",-0.866499662399292;0.022298285737633705
249,7,"('HelpSeek', 'ChartLogic', 'HelpSeek')",-0.7985476851463318;0.23364251852035522
250,4,"('HelpSeek', 'ChartLogic', 'ParamAdjust')",-0.6781265139579773;0.3699386715888977
251,3,"('HelpSeek', 'ChartLogic', 'SampleExplore')",-0.6962354183197021;-0.26041343808174133
252,5,"('HelpSeek', 'ChartLogic', 'SessionInit')",-0.6402697563171387;-0.06630542129278183
253,18,"('HelpSeek', 'ChartLogic', 'StyleEdit')",-0.8062900900840759;0.2955555319786072
254,8,"('HelpSeek', 'DataBind', 'ChartLogic')",-0.7622955441474915;0.2498423010110855
255,9,"('HelpSeek', 'DataBind', 'DataBind')",-0.7573513388633728;-0.44386717677116394
256,19,"('HelpSeek', 'DataBind', 'DataParse')",-0.7024051547050476;-0.3952815532684326
257,1,"('HelpSeek', 'DataBind', 'ErrorHandle')",-0.7021281719207764;-0.34905722737312317
258,14,"('HelpSeek', 'DataBind', 'HelpSeek')",-0.8631322383880615;0.08732949197292328
259,3,"('HelpSeek', 'DataBind', 'SampleExplore')",-0.7881604433059692;0.1625189185142517
260,5,"('HelpSeek', 'DataBind', 'SessionInit')",-0.5718613266944885;-0.08599691838026047
261,17,"('HelpSeek', 'DataBind', 'StyleEdit')",-0.7426497340202332;0.14045922458171844
262,7,"('HelpSeek', 'DataParse', 'ChartLogic')",-0.7984800338745117;0.26307153701782227
263,13,"('HelpSeek', 'DataParse', 'DataBind')",-0.6880291700363159;-0.3860720694065094
264,13,"('HelpSeek', 'DataParse', 'DataParse')",-0.783381998538971;-0.3460578918457031
265,1,"('HelpSeek', 'DataParse', 'ErrorHandle')",-0.8220819234848022;-0.35429704189300537
266,15,"('HelpSeek', 'DataParse', 'HelpSeek')",-0.8640457391738892;-0.11236324906349182
267,4,"('HelpSeek', 'DataParse', 'ParamAdjust')",-0.6281778812408447;0.35998815298080444
268,3,"('HelpSeek', 'DataParse', 'SampleExplore')",-0.7157571315765381;-0.25911369919776917
269,5,"('HelpSeek', 'DataParse', 'SessionInit')",-0.7102529406547546;-0.08447711169719696
270,18,"('HelpSeek', 'DataParse', 'StyleEdit')",-0.7743335962295532;0.15093673765659332
271,7,"('HelpSeek', 'ErrorHandle', 'ChartLogic')",-0.7386518716812134;0.28133222460746765
272,8,"('HelpSeek', 'ErrorHandle', 'DataBind')",-0.8397204875946045;-0.23204158246517181
273,19,"('HelpSeek', 'ErrorHandle', 'DataParse')",-0.8402127027511597;-0.25459352135658264
274,8,"('HelpSeek', 'ErrorHandle', 'ErrorHandle')",-0.8910089731216431;-0.042804449796676636
275,14,"('HelpSeek', 'ErrorHandle', 'HelpSeek')",-0.8971014022827148;0.07668163627386093
276,4,"('HelpSeek', 'ErrorHandle', 'ParamAdjust')",-0.6281778812408447;0.35998815298080444
277,10,"('HelpSeek', 'ErrorHandle', 'SampleExplore')",-0.830896258354187;0.1055440679192543
278,0,"('HelpSeek', 'ErrorHandle', 'SessionInit')",-0.7312799692153931;-0.0718425065279007
279,18,"('HelpSeek', 'ErrorHandle', 'StyleEdit')",-0.7867892980575562;0.2481158971786499
280,7,"('HelpSeek', 'HelpSeek', 'ChartLogic')",-0.7756723165512085;0.3095826208591461
281,8,"('HelpSeek', 'HelpSeek', 'DataBind')",-0.8273087739944458;-0.2793433666229248
282,13,"('HelpSeek', 'HelpSeek', 'DataParse')",-0.7717801332473755;-0.36983975768089294
283,14,"('HelpSeek', 'HelpSeek', 'ErrorHandle')",-0.8780547380447388;-0.12202666699886322
284,6,"('HelpSeek', 'HelpSeek', 'HelpSeek')",-0.8497986197471619;0.21432726085186005
285,4,"('HelpSeek', 'HelpSeek', 'ParamAdjust')",-0.7205989360809326;0.36530154943466187
286,3,"('HelpSeek', 'HelpSeek', 'SampleExplore')",-0.8610402941703796;-0.059730514883995056
287,0,"('HelpSeek', 'HelpSeek', 'SessionInit')",-0.7245908379554749;-0.007193845696747303
288,18,"('HelpSeek', 'HelpSeek', 'StyleEdit')",-0.8057401180267334;0.1783512979745865
289,7,"('HelpSeek', 'ParamAdjust', 'ChartLogic')",-0.7405638694763184;0.3337244689464569
290,11,"('HelpSeek', 'ParamAdjust', 'DataBind')",-0.6070674061775208;0.06365792453289032
291,18,"('HelpSeek', 'ParamAdjust', 'DataParse')",-0.5712540149688721;0.0737907737493515
292,6,"('HelpSeek', 'ParamAdjust', 'HelpSeek')",-0.8472974896430969;0.2915249764919281
293,4,"('HelpSeek', 'ParamAdjust', 'ParamAdjust')",-0.6765279769897461;0.3609069585800171
294,3,"('HelpSeek', 'ParamAdjust', 'SampleExplore')",-0.6996161341667175;0.3517945110797882
295,0,"('HelpSeek', 'ParamAdjust', 'SessionInit')",-0.7785417437553406;0.10247372835874557
296,18,"('HelpSeek', 'ParamAdjust', 'StyleEdit')",-0.822013258934021;0.17457948625087738
297,7,"('HelpSeek', 'SampleExplore', 'ChartLogic')",-0.6996161341667175;0.3517945110797882
298,11,"('HelpSeek', 'SampleExplore', 'DataBind')",-0.8672603964805603;-0.12091141939163208
299,13,"('HelpSeek', 'SampleExplore', 'DataParse')",-0.813025176525116;-0.2877463698387146
300,10,"('HelpSeek', 'SampleExplore', 'ErrorHandle')",-0.7913789749145508;0.22298564016819
301,14,"('HelpSeek', 'SampleExplore', 'HelpSeek')",-0.8929353952407837;0.055635981261730194
302,11,"('HelpSeek', 'SampleExplore', 'ParamAdjust')",-0.6281778812408447;0.35998815298080444
303,3,"('HelpSeek', 'SampleExplore', 'SampleExplore')",-0.8015625476837158;-0.14455124735832214
304,5,"('HelpSeek', 'SampleExplore', 'SessionInit')",-0.5718613266944885;-0.08599691838026047
305,18,"('HelpSeek', 'SampleExplore', 'StyleEdit')",-0.805273711681366;0.23988498747348785
306,6,"('HelpSeek', 'SessionInit', 'ChartLogic')",-0.8103485107421875;0.2843427360057831
307,6,"('HelpSeek', 'SessionInit', 'DataBind')",-0.8068734407424927;-0.05793852359056473
308,12,"('HelpSeek', 'SessionInit', 'DataParse')",-0.8657765984535217;0.07165492326021194
309,6,"('HelpSeek', 'SessionInit', 'HelpSeek')",-0.8076152205467224;0.31339967250823975
310,4,"('HelpSeek', 'SessionInit', 'ParamAdjust')",-0.6281778812408447;0.35998815298080444
311,5,"('HelpSeek', 'SessionInit', 'SessionInit')",-0.7171838879585266;-0.05777417868375778
312,17,"('HelpSeek', 'SessionInit', 'StyleEdit')",-0.7629442811012268;0.11642783880233765
313,7,"('HelpSeek', 'StyleEdit', 'ChartLogic')",-0.7519012689590454;0.3387112319469452
314,11,"('HelpSeek', 'StyleEdit', 'DataBind')",-0.8387033939361572;-0.17231248319149017
315,15,"('HelpSeek', 'StyleEdit', 'DataParse')",-0.7979725003242493;-0.34556347131729126
316,8,"('HelpSeek', 'StyleEdit', 'ErrorHandle')",-0.885101854801178;-0.07553835213184357
317,18,"('HelpSeek', 'StyleEdit', 'HelpSeek')",-0.8189039826393127;0.17277836799621582
318,4,"('HelpSeek', 'StyleEdit', 'ParamAdjust')",-0.66294926404953;0.346251904964447
319,3,"('HelpSeek', 'StyleEdit', 'SampleExplore')",-0.810664176940918;-0.11256273835897446
320,5,"('HelpSeek', 'StyleEdit', 'SessionInit')",-0.6683966517448425;-0.07650738209486008
321,16,"('HelpSeek', 'StyleEdit', 'StyleEdit')",-0.8146101832389832;0.16016915440559387
322,7,"('ParamAdjust', 'ChartLogic', 'ChartLogic')",-0.8042120337486267;0.2713668942451477
323,11,"('ParamAdjust', 'ChartLogic', 'DataBind')",-0.6070674061775208;0.06365792453289032
324,5,"('ParamAdjust', 'ChartLogic', 'DataParse')",-0.5712540149688721;0.0737907737493515
325,6,"('ParamAdjust', 'ChartLogic', 'HelpSeek')",-0.6914753913879395;0.21645939350128174
326,7,"('ParamAdjust', 'ChartLogic', 'ParamAdjust')",-0.7264942526817322;0.2733922004699707
327,3,"('ParamAdjust', 'ChartLogic', 'SampleExplore')",-0.6996161341667175;0.3517945110797882
328,5,"('ParamAdjust', 'ChartLogic', 'SessionInit')",-0.5718613266944885;-0.08599691838026047
329,18,"('ParamAdjust', 'ChartLogic', 'StyleEdit')",-0.7159580588340759;0.178360715508461
330,9,"('ParamAdjust', 'DataBind', 'DataBind')",-0.7529363632202148;-0.4695347547531128
331,3,"('ParamAdjust', 'DataBind', 'DataParse')",-0.6996161341667175;0.3517945110797882
332,1,"('ParamAdjust', 'DataBind', 'ErrorHandle')",-0.6295194625854492;-0.3428827226161957
333,6,"('ParamAdjust', 'DataBind', 'ParamAdjust')",-0.8097792267799377;0.01907833106815815
334,3,"('ParamAdjust', 'DataBind', 'SampleExplore')",-0.7600031495094299;-0.16733013093471527
335,3,"('ParamAdjust', 'DataBind', 'StyleEdit')",-0.6996161341667175;0.3517945110797882
336,7,"('ParamAdjust', 'DataParse', 'ChartLogic')",-0.6996161341667175;0.3517945110797882
337,19,"('ParamAdjust', 'DataParse', 'DataParse')",-0.811481773853302;-0.11989437788724899
338,14,"('ParamAdjust', 'DataParse', 'HelpSeek')",-0.7905213832855225;0.27493876218795776
339,4,"('ParamAdjust', 'DataParse', 'ParamAdjust')",-0.7107713222503662;0.2680788040161133
340,13,"('ParamAdjust', 'DataParse', 'SessionInit')",-0.5718613266944885;-0.08599691838026047
341,6,"('ParamAdjust', 'DataParse', 'StyleEdit')",-0.6996161341667175;0.3517945110797882
342,6,"('ParamAdjust', 'ErrorHandle', 'DataParse')",-0.6996161341667175;0.3517945110797882
343,13,"('ParamAdjust', 'ErrorHandle', 'ErrorHandle')",-0.7905081510543823;-0.3063172399997711
344,4,"('ParamAdjust', 'ErrorHandle', 'HelpSeek')",-0.6281778812408447;0.35998815298080444
345,18,"('ParamAdjust', 'ErrorHandle', 'StyleEdit')",-0.5712540149688721;0.0737907737493515
346,7,"('ParamAdjust', 'HelpSeek', 'ChartLogic')",-0.750212550163269;0.3268735408782959
347,11,"('ParamAdjust', 'HelpSeek', 'DataBind')",-0.7086380124092102;0.15831486880779266
348,13,"('ParamAdjust', 'HelpSeek', 'DataParse')",-0.8126527667045593;-0.20615501701831818
349,8,"('ParamAdjust', 'HelpSeek', 'ErrorHandle')",-0.8225193023681641;-0.03775911033153534
350,6,"('ParamAdjust', 'HelpSeek', 'HelpSeek')",-0.8114898204803467;0.35189053416252136
351,4,"('ParamAdjust', 'HelpSeek', 'ParamAdjust')",-0.6953217387199402;0.3688177466392517
352,3,"('ParamAdjust', 'HelpSeek', 'SampleExplore')",-0.6856231689453125;-0.2753722667694092
353,5,"('ParamAdjust', 'HelpSeek', 'SessionInit')",-0.5718613266944885;-0.08599691838026047
354,18,"('ParamAdjust', 'HelpSeek', 'StyleEdit')",-0.7751936912536621;0.17258569598197937
355,7,"('ParamAdjust', 'ParamAdjust', 'ChartLogic')",-0.7702133655548096;0.32344016432762146
356,11,"('ParamAdjust', 'ParamAdjust', 'DataBind')",-0.748123288154602;0.044044129550457
357,8,"('ParamAdjust', 'ParamAdjust', 'DataParse')",-0.824891209602356;0.02649408020079136
358,2,"('ParamAdjust', 'ParamAdjust', 'ErrorHandle')",-0.8137113451957703;-0.31210899353027344
359,7,"('ParamAdjust', 'ParamAdjust', 'HelpSeek')",-0.7960084676742554;0.3460772633552551
360,4,"('ParamAdjust', 'ParamAdjust', 'ParamAdjust')",-0.661467432975769;0.3637741804122925
361,3,"('ParamAdjust', 'ParamAdjust', 'SampleExplore')",-0.818951427936554;-0.09584444016218185
362,12,"('ParamAdjust', 'ParamAdjust', 'SessionInit')",-0.7768545746803284;0.07821029424667358
363,18,"('ParamAdjust', 'ParamAdjust', 'StyleEdit')",-0.810518205165863;0.27037513256073
364,19,"('ParamAdjust', 'SampleExplore', 'DataBind')",-0.6414414644241333;-0.46244391798973083
365,10,"('ParamAdjust', 'SampleExplore', 'ErrorHandle')",-0.8314201831817627;0.07495241612195969
366,14,"('ParamAdjust', 'SampleExplore', 'HelpSeek')",-0.891803503036499;-0.04881785437464714
367,17,"('ParamAdjust', 'SampleExplore', 'StyleEdit')",-0.5712540149688721;0.0737907737493515
368,11,"('ParamAdjust', 'SessionInit', 'DataBind')",-0.6996161341667175;0.3517945110797882
369,9,"('ParamAdjust', 'SessionInit', 'ErrorHandle')",-0.6414414644241333;-0.46244391798973083
370,4,"('ParamAdjust', 'SessionInit', 'HelpSeek')",-0.6281778812408447;0.35998815298080444
371,6,"('ParamAdjust', 'SessionInit', 'ParamAdjust')",-0.6996161341667175;0.3517945110797882
372,5,"('ParamAdjust', 'SessionInit', 'SessionInit')",-0.5712540149688721;0.0737907737493515
373,17,"('ParamAdjust', 'SessionInit', 'StyleEdit')",-0.5712540149688721;0.0737907737493515
374,7,"('ParamAdjust', 'StyleEdit', 'ChartLogic')",-0.6713390350341797;0.1454351246356964
375,9,"('ParamAdjust', 'StyleEdit', 'DataBind')",-0.6414414644241333;-0.46244391798973083
376,7,"('ParamAdjust', 'StyleEdit', 'DataParse')",-0.6960344910621643;0.31441667675971985
377,18,"('ParamAdjust', 'StyleEdit', 'HelpSeek')",-0.7254126667976379;0.18970412015914917
378,4,"('ParamAdjust', 'StyleEdit', 'ParamAdjust')",-0.707020103931427;0.3437995910644531
379,3,"('ParamAdjust', 'StyleEdit', 'SampleExplore')",-0.6295194625854492;-0.3428827226161957
380,5,"('ParamAdjust', 'StyleEdit', 'SessionInit')",-0.6938531994819641;-0.03971115127205849
381,18,"('ParamAdjust', 'StyleEdit', 'StyleEdit')",-0.8349139094352722;0.21047043800354004
382,3,"('SampleExplore', 'ChartLogic', 'ChartLogic')",-0.8498535752296448;0.11191574484109879
383,11,"('SampleExplore', 'ChartLogic', 'DataBind')",-0.6070674061775208;0.06365792453289032
384,7,"('SampleExplore', 'ChartLogic', 'HelpSeek')",-0.6928485631942749;0.20486854016780853
385,9,"('SampleExplore', 'DataBind', 'DataBind')",-0.7509684562683105;-0.4907298982143402
386,19,"('SampleExplore', 'DataBind', 'DataParse')",-0.7365672588348389;-0.4285889267921448
387,1,"('SampleExplore', 'DataBind', 'ErrorHandle')",-0.686448872089386;-0.39351537823677063
388,8,"('SampleExplore', 'DataBind', 'HelpSeek')",-0.6070674061775208;0.06365792453289032
389,9,"('SampleExplore', 'DataParse', 'DataBind')",-0.6414414644241333;-0.46244391798973083
390,13,"('SampleExplore', 'DataParse', 'DataParse')",-0.7796543836593628;-0.342322438955307
391,14,"('SampleExplore', 'DataParse', 'ErrorHandle')",-0.8069941401481628;0.09325800836086273
392,15,"('SampleExplore', 'DataParse', 'HelpSeek')",-0.7776955366134644;-0.2170109748840332
393,4,"('SampleExplore', 'DataParse', 'ParamAdjust')",-0.6281778812408447;0.35998815298080444
394,18,"('SampleExplore', 'DataParse', 'StyleEdit')",-0.7905213832855225;0.27493876218795776
395,7,"('SampleExplore', 'ErrorHandle', 'ChartLogic')",-0.6468412280082703;0.23337188363075256
396,9,"('SampleExplore', 'ErrorHandle', 'DataBind')",-0.8021344542503357;-0.3987959027290344
397,6,"('SampleExplore', 'ErrorHandle', 'DataParse')",-0.8639622330665588;-0.00026470725424587727
398,8,"('SampleExplore', 'ErrorHandle', 'ErrorHandle')",-0.884101390838623;0.09797367453575134
399,1,"('SampleExplore', 'ErrorHandle', 'HelpSeek')",-0.82785564661026;-0.18792645633220673
400,4,"('SampleExplore', 'ErrorHandle', 'ParamAdjust')",-0.6281778812408447;0.35998815298080444
401,10,"('SampleExplore', 'ErrorHandle', 'SampleExplore')",-0.7946246266365051;0.15852417051792145
402,12,"('SampleExplore', 'ErrorHandle', 'SessionInit')",-0.7843168377876282;-0.06731311231851578
403,18,"('SampleExplore', 'ErrorHandle', 'StyleEdit')",-0.7623420357704163;0.22575616836547852
404,7,"('SampleExplore', 'HelpSeek', 'ChartLogic')",-0.7391584515571594;0.32434210181236267
405,9,"('SampleExplore', 'HelpSeek', 'DataBind')",-0.7841382026672363;-0.2748010754585266
406,13,"('SampleExplore', 'HelpSeek', 'DataParse')",-0.7954131960868835;-0.30864217877388
407,14,"('SampleExplore', 'HelpSeek', 'ErrorHandle')",-0.8610061407089233;-0.03733187913894653
408,14,"('SampleExplore', 'HelpSeek', 'HelpSeek')",-0.8921442627906799;0.11575692892074585
409,4,"('SampleExplore', 'HelpSeek', 'ParamAdjust')",-0.6281778812408447;0.35998815298080444
410,3,"('SampleExplore', 'HelpSeek', 'SampleExplore')",-0.7392942309379578;-0.21324071288108826
411,0,"('SampleExplore', 'HelpSeek', 'SessionInit')",-0.7762877941131592;-0.14320117235183716
412,18,"('SampleExplore', 'HelpSeek', 'StyleEdit')",-0.8129914402961731;0.2376624196767807
413,7,"('SampleExplore', 'ParamAdjust', 'ChartLogic')",-0.5464155077934265;0.16629548370838165
414,4,"('SampleExplore', 'ParamAdjust', 'ParamAdjust')",-0.6281778812408447;0.35998815298080444
415,10,"('SampleExplore', 'SampleExplore', 'ErrorHandle')",-0.8032873868942261;0.13896897435188293
416,1,"('SampleExplore', 'SampleExplore', 'HelpSeek')",-0.8310872316360474;-0.23966826498508453
417,3,"('SampleExplore', 'SampleExplore', 'SampleExplore')",-0.7119404077529907;-0.12299792468547821
418,10,"('SampleExplore', 'SampleExplore', 'StyleEdit')",-0.6996161341667175;0.3517945110797882
419,0,"('SampleExplore', 'SessionInit', 'SessionInit')",-0.6800588369369507;-0.22015908360481262
420,17,"('SampleExplore', 'SessionInit', 'StyleEdit')",-0.5712540149688721;0.0737907737493515
421,7,"('SampleExplore', 'StyleEdit', 'DataParse')",-0.5464155077934265;0.16629548370838165
422,18,"('SampleExplore', 'StyleEdit', 'HelpSeek')",-0.741497814655304;0.11584010720252991
423,5,"('SampleExplore', 'StyleEdit', 'SessionInit')",-0.5718613266944885;-0.08599691838026047
424,16,"('SampleExplore', 'StyleEdit', 'StyleEdit')",-0.6496692299842834;0.10637100040912628
425,0,"('SessionInit',)",-0.6019299626350403;-0.08171132951974869
426,7,"('SessionInit', 'ChartLogic', 'ChartLogic')",-0.7367501854896545;0.34238868951797485
427,11,"('SessionInit', 'ChartLogic', 'DataBind')",-0.6070674061775208;0.06365792453289032
428,19,"('SessionInit', 'ChartLogic', 'DataParse')",-0.7286038398742676;-0.26295971870422363
429,7,"('SessionInit', 'ChartLogic', 'HelpSeek')",-0.6233424544334412;0.21661941707134247
430,4,"('SessionInit', 'ChartLogic', 'ParamAdjust')",-0.6281778812408447;0.35998815298080444
431,5,"('SessionInit', 'ChartLogic', 'SessionInit')",-0.5712540149688721;0.0737907737493515
432,12,"('SessionInit', 'ChartLogic', 'StyleEdit')",-0.7890003323554993;-0.22864660620689392
433,9,"('SessionInit', 'DataBind', 'DataBind')",-0.7543835043907166;-0.4726979434490204
434,13,"('SessionInit', 'DataBind', 'DataParse')",-0.6414414644241333;-0.46244391798973083
435,1,"('SessionInit', 'DataBind', 'ErrorHandle')",-0.756497859954834;-0.48352041840553284
436,14,"('SessionInit', 'DataBind', 'HelpSeek')",-0.7392145395278931;0.11671297252178192
437,12,"('SessionInit', 'DataParse')",-0.7893478870391846;-0.08757510036230087
438,7,"('SessionInit', 'DataParse', 'ChartLogic')",-0.6996161341667175;0.3517945110797882
439,9,"('SessionInit', 'DataParse', 'DataBind')",-0.6713025569915771;-0.4743998944759369
440,15,"('SessionInit', 'DataParse', 'DataParse')",-0.7461610436439514;-0.3976256847381592
441,12,"('SessionInit', 'DataParse', 'ErrorHandle')",-0.682009756565094;-0.11539960652589798
442,6,"('SessionInit', 'DataParse', 'HelpSeek')",-0.8338185548782349;0.2954067885875702
443,5,"('SessionInit', 'DataParse', 'SessionInit')",-0.799156665802002;-0.17555083334445953
444,16,"('SessionInit', 'DataParse', 'StyleEdit')",-0.7940970063209534;0.03363671898841858
445,1,"('SessionInit', 'ErrorHandle')",-0.6295194625854492;-0.3428827226161957
446,15,"('SessionInit', 'ErrorHandle', 'DataParse')",-0.8627210855484009;-0.14790017902851105
447,14,"('SessionInit', 'ErrorHandle', 'ErrorHandle')",-0.8179694414138794;0.07438726723194122
448,8,"('SessionInit', 'ErrorHandle', 'HelpSeek')",-0.7340258359909058;-0.2760567367076874
449,5,"('SessionInit', 'ErrorHandle', 'SessionInit')",-0.6280385851860046;0.05592130124568939
450,9,"('SessionInit', 'ErrorHandle', 'StyleEdit')",-0.6414414644241333;-0.46244391798973083
451,7,"('SessionInit', 'HelpSeek', 'ChartLogic')",-0.6878560185432434;0.2654033303260803
452,13,"('SessionInit', 'HelpSeek', 'DataParse')",-0.7990056276321411;-0.331301748752594
453,6,"('SessionInit', 'HelpSeek', 'HelpSeek')",-0.8384314775466919;0.22644278407096863
454,4,"('SessionInit', 'HelpSeek', 'ParamAdjust')",-0.6281778812408447;0.35998815298080444
455,3,"('SessionInit', 'HelpSeek', 'SampleExplore')",-0.7731536030769348;-0.10751573741436005
456,12,"('SessionInit', 'HelpSeek', 'SessionInit')",-0.670162558555603;-0.053850118070840836
457,18,"('SessionInit', 'HelpSeek', 'StyleEdit')",-0.8314270973205566;0.21176722645759583
458,16,"('SessionInit', 'ParamAdjust', 'HelpSeek')",-0.5712540149688721;0.0737907737493515
459,4,"('SessionInit', 'ParamAdjust', 'ParamAdjust')",-0.7291221022605896;0.31907886266708374
460,19,"('SessionInit', 'SampleExplore', 'DataBind')",-0.6414414644241333;-0.46244391798973083
461,10,"('SessionInit', 'SampleExplore', 'ErrorHandle')",-0.7460210919380188;-0.17467378079891205
462,12,"('SessionInit', 'SampleExplore', 'SessionInit')",-0.5712540149688721;0.0737907737493515
463,5,"('SessionInit', 'SessionInit')",-0.7125304341316223;-0.00017020851373672485
464,13,"('SessionInit', 'SessionInit', 'ChartLogic')",-0.7889575958251953;-0.28458622097969055
465,9,"('SessionInit', 'SessionInit', 'DataBind')",-0.81003737449646;-0.32436588406562805
466,12,"('SessionInit', 'SessionInit', 'DataParse')",-0.8353319764137268;-0.19245490431785583
467,12,"('SessionInit', 'SessionInit', 'ErrorHandle')",-0.7491054534912109;-0.17175519466400146
468,6,"('SessionInit', 'SessionInit', 'HelpSeek')",-0.8468409180641174;0.13264982402324677
469,4,"('SessionInit', 'SessionInit', 'ParamAdjust')",-0.6281778812408447;0.35998815298080444
470,13,"('SessionInit', 'SessionInit', 'SampleExplore')",-0.7129045128822327;-0.30575233697891235
471,5,"('SessionInit', 'SessionInit', 'SessionInit')",-0.7309165000915527;-0.021819783374667168
472,17,"('SessionInit', 'SessionInit', 'StyleEdit')",-0.6695034503936768;0.04611801728606224
473,17,"('SessionInit', 'StyleEdit')",-0.7190136909484863;-0.03313443064689636
474,13,"('SessionInit', 'StyleEdit', 'ChartLogic')",-0.6724338531494141;-0.43422242999076843
475,11,"('SessionInit', 'StyleEdit', 'DataBind')",-0.7887436151504517;0.04565654695034027
476,12,"('SessionInit', 'StyleEdit', 'DataParse')",-0.8570424914360046;-0.10217291116714478
477,12,"('SessionInit', 'StyleEdit', 'ErrorHandle')",-0.7284306287765503;-0.2252233475446701
478,18,"('SessionInit', 'StyleEdit', 'HelpSeek')",-0.8172808885574341;0.1606365144252777
479,4,"('SessionInit', 'StyleEdit', 'ParamAdjust')",-0.6281778812408447;0.35998815298080444
480,3,"('SessionInit', 'StyleEdit', 'SampleExplore')",-0.8134822845458984;0.03549562394618988
481,5,"('SessionInit', 'StyleEdit', 'SessionInit')",-0.7815800309181213;-0.05649692192673683
482,16,"('SessionInit', 'StyleEdit', 'StyleEdit')",-0.8242619037628174;-0.23286385834217072
483,0,"('StyleEdit',)",-0.7126283645629883;-0.05749586597084999
484,7,"('StyleEdit', 'ChartLogic', 'ChartLogic')",-0.8441275954246521;0.23424206674098969
485,11,"('StyleEdit', 'ChartLogic', 'DataBind')",-0.7330142259597778;-0.08164815604686737
486,15,"('StyleEdit', 'ChartLogic', 'DataParse')",-0.6414414644241333;-0.46244391798973083
487,2,"('StyleEdit', 'ChartLogic', 'ErrorHandle')",-0.6414414644241333;-0.46244391798973083
488,7,"('StyleEdit', 'ChartLogic', 'HelpSeek')",-0.7111151814460754;0.2063932567834854
489,4,"('StyleEdit', 'ChartLogic', 'ParamAdjust')",-0.6281778812408447;0.35998815298080444
490,3,"('StyleEdit', 'ChartLogic', 'SampleExplore')",-0.8303045630455017;-0.09252652525901794
491,9,"('StyleEdit', 'ChartLogic', 'SessionInit')",-0.6414414644241333;-0.46244391798973083
492,18,"('StyleEdit', 'ChartLogic', 'StyleEdit')",-0.7895965576171875;0.3089408874511719
493,7,"('StyleEdit', 'DataBind', 'ChartLogic')",-0.6996161341667175;0.3517945110797882
494,9,"('StyleEdit', 'DataBind', 'DataBind')",-0.7499041557312012;-0.4615551829338074
495,13,"('StyleEdit', 'DataBind', 'DataParse')",-0.6739956736564636;-0.440927118062973
496,1,"('StyleEdit', 'DataBind', 'ErrorHandle')",-0.7834201455116272;-0.38767778873443604
497,6,"('StyleEdit', 'DataBind', 'HelpSeek')",-0.7974403500556946;0.10306574404239655
498,4,"('StyleEdit', 'DataBind', 'ParamAdjust')",-0.6281778812408447;0.35998815298080444
499,3,"('StyleEdit', 'DataBind', 'SampleExplore')",-0.791268527507782;-0.0377386100590229
500,9,"('StyleEdit', 'DataBind', 'SessionInit')",-0.8097792267799377;0.01907833106815815
501,17,"('StyleEdit', 'DataBind', 'StyleEdit')",-0.7404993176460266;0.09446640312671661
502,12,"('StyleEdit', 'DataParse')",-0.5712540149688721;0.0737907737493515
503,7,"('StyleEdit', 'DataParse', 'ChartLogic')",-0.6996161341667175;0.3517945110797882
504,9,"('StyleEdit', 'DataParse', 'DataBind')",-0.675064742565155;-0.46539071202278137
505,13,"('StyleEdit', 'DataParse', 'DataParse')",-0.7315515279769897;-0.3934612572193146
506,1,"('StyleEdit', 'DataParse', 'ErrorHandle')",-0.8199291229248047;-0.38144251704216003
507,6,"('StyleEdit', 'DataParse', 'HelpSeek')",-0.8469951152801514;0.193332239985466
508,4,"('StyleEdit', 'DataParse', 'ParamAdjust')",-0.6696085929870605;0.34902048110961914
509,3,"('StyleEdit', 'DataParse', 'SampleExplore')",-0.8233778476715088;0.12880489230155945
510,12,"('StyleEdit', 'DataParse', 'SessionInit')",-0.797977864742279;-0.027674565091729164
511,18,"('StyleEdit', 'DataParse', 'StyleEdit')",-0.8037786483764648;0.08493100106716156
512,7,"('StyleEdit', 'ErrorHandle', 'ChartLogic')",-0.6996161341667175;0.3517945110797882
513,9,"('StyleEdit', 'ErrorHandle', 'DataBind')",-0.6414414644241333;-0.46244391798973083
514,19,"('StyleEdit', 'ErrorHandle', 'DataParse')",-0.8569944500923157;-0.2813143730163574
515,8,"('StyleEdit', 'ErrorHandle', 'ErrorHandle')",-0.8946762084960938;-0.13614912331104279
516,14,"('StyleEdit', 'ErrorHandle', 'HelpSeek')",-0.9081544876098633;-0.05308538302779198
517,4,"('StyleEdit', 'ErrorHandle', 'ParamAdjust')",-0.6281778812408447;0.35998815298080444
518,10,"('StyleEdit', 'ErrorHandle', 'SampleExplore')",-0.7499655485153198;0.2700519263744354
519,5,"('StyleEdit', 'ErrorHandle', 'SessionInit')",-0.5718613266944885;-0.08599691838026047
520,17,"('StyleEdit', 'ErrorHandle', 'StyleEdit')",-0.815106213092804;-0.05053336173295975
521,16,"('StyleEdit', 'HelpSeek')",-0.7283269762992859;0.08400583267211914
522,7,"('StyleEdit', 'HelpSeek', 'ChartLogic')",-0.8210031986236572;0.27501195669174194
523,11,"('StyleEdit', 'HelpSeek', 'DataBind')",-0.8327664732933044;-0.20881205797195435
524,19,"('StyleEdit', 'HelpSeek', 'DataParse')",-0.7932061553001404;-0.3646206259727478
525,14,"('StyleEdit', 'HelpSeek', 'ErrorHandle')",-0.8823934197425842;-0.049891695380210876
526,6,"('StyleEdit', 'HelpSeek', 'HelpSeek')",-0.8518264889717102;0.21914556622505188
527,4,"('StyleEdit', 'HelpSeek', 'ParamAdjust')",-0.7377564311027527;0.35405272245407104
528,3,"('StyleEdit', 'HelpSeek', 'SampleExplore')",-0.8385517001152039;-0.12795045971870422
529,5,"('StyleEdit', 'HelpSeek', 'SessionInit')",-0.6981906294822693;-0.03193996846675873
530,18,"('StyleEdit', 'HelpSeek', 'StyleEdit')",-0.8540723919868469;0.17249567806720734
531,7,"('StyleEdit', 'ParamAdjust', 'ChartLogic')",-0.6996161341667175;0.3517945110797882
532,11,"('StyleEdit', 'ParamAdjust', 'DataBind')",-0.7114983797073364;0.07934413105249405
533,6,"('StyleEdit', 'ParamAdjust', 'HelpSeek')",-0.6996161341667175;0.3517945110797882
534,4,"('StyleEdit', 'ParamAdjust', 'ParamAdjust')",-0.6647668480873108;0.35985785722732544
535,2,"('StyleEdit', 'ParamAdjust', 'SessionInit')",-0.6295194625854492;-0.3428827226161957
536,17,"('StyleEdit', 'ParamAdjust', 'StyleEdit')",-0.7951020002365112;0.17224885523319244
537,7,"('StyleEdit', 'SampleExplore', 'ChartLogic')",-0.7409452795982361;0.26165223121643066
538,11,"('StyleEdit', 'SampleExplore', 'DataBind')",-0.7461383938789368;-0.040477119386196136
539,19,"('StyleEdit', 'SampleExplore', 'DataParse')",-0.762942373752594;-0.06014769524335861
540,10,"('StyleEdit', 'SampleExplore', 'ErrorHandle')",-0.813254177570343;0.11704345047473907
541,14,"('StyleEdit', 'SampleExplore', 'HelpSeek')",-0.8893982172012329;0.1131412461400032
542,4,"('StyleEdit', 'SampleExplore', 'ParamAdjust')",-0.6281778812408447;0.35998815298080444
543,3,"('StyleEdit', 'SampleExplore', 'SampleExplore')",-0.6295194625854492;-0.3428827226161957
544,0,"('StyleEdit', 'SampleExplore', 'SessionInit')",-0.5718613266944885;-0.08599691838026047
545,18,"('StyleEdit', 'SampleExplore', 'StyleEdit')",-0.7845197319984436;0.3177335560321808
546,0,"('StyleEdit', 'SessionInit')",-0.6381908655166626;-0.06704813241958618
547,7,"('StyleEdit', 'SessionInit', 'ChartLogic')",-0.825849711894989;0.12966401875019073
548,11,"('StyleEdit', 'SessionInit', 'DataBind')",-0.7414726614952087;0.0943700298666954
549,12,"('StyleEdit', 'SessionInit', 'DataParse')",-0.8556570410728455;-0.14962202310562134
550,13,"('StyleEdit', 'SessionInit', 'ErrorHandle')",-0.7739554047584534;-0.3183739185333252
551,6,"('StyleEdit', 'SessionInit', 'HelpSeek')",-0.8397641181945801;0.21631234884262085
552,4,"('StyleEdit', 'SessionInit', 'ParamAdjust')",-0.6281778812408447;0.35998815298080444
553,3,"('StyleEdit', 'SessionInit', 'SampleExplore')",-0.7600031495094299;-0.16733013093471527
554,5,"('StyleEdit', 'SessionInit', 'SessionInit')",-0.7661152482032776;-0.08220605552196503
555,17,"('StyleEdit', 'SessionInit', 'StyleEdit')",-0.8230023384094238;-0.030651750043034554
556,5,"('StyleEdit', 'StyleEdit')",-0.61818528175354;-0.07362466305494308
557,7,"('StyleEdit', 'StyleEdit', 'ChartLogic')",-0.7729023694992065;0.32947853207588196
558,11,"('StyleEdit', 'StyleEdit', 'DataBind')",-0.798410177230835;-0.018766632303595543
559,15,"('StyleEdit', 'StyleEdit', 'DataParse')",-0.8654404878616333;-0.08305434882640839
560,1,"('StyleEdit', 'StyleEdit', 'ErrorHandle')",-0.8747473955154419;-0.23325057327747345
561,6,"('StyleEdit', 'StyleEdit', 'HelpSeek')",-0.8522242903709412;0.13946197926998138
562,4,"('StyleEdit', 'StyleEdit', 'ParamAdjust')",-0.6535157561302185;0.3619372248649597
563,3,"('StyleEdit', 'StyleEdit', 'SampleExplore')",-0.8295110464096069;0.02485734224319458
564,5,"('StyleEdit', 'StyleEdit', 'SessionInit')",-0.7894709706306458;-0.07220107316970825
565,16,"('StyleEdit', 'StyleEdit', 'StyleEdit')",-0.6292633414268494;0.0833217054605484
